delete from clase_objeto;
delete from rasgo_objeto;
delete from objeto;

delete from rasgo_clase;
delete from rasgo;
delete from clase;
delete from configuracion;

--CONFIGURACION
INSERT INTO CONFIGURACION(UID, NOMBRE_SISTEMA, FONDO_H_MIN, FONDO_H_MAX, FONDO_S_MIN, FONDO_S_MAX, FONDO_V_MIN, FONDO_V_MAX)
  VALUES(0, 'MAICES', 60.0, 340.0, 9.0, NULL, NULL, NULL);
--CLASES
INSERT INTO CLASE(UID, NOMBRE, DESCRIPCION, COLOR_RGB, ORDEN_EVALUACION, AGRUPADOR)
  VALUES(1, 'MAIZ', 'Maiz', -13369549, 3, 'Maiz');
INSERT INTO CLASE(UID, NOMBRE, DESCRIPCION, COLOR_RGB, ORDEN_EVALUACION, AGRUPADOR)
  VALUES(2, 'INDETERMINADO', 'Indeterminado', -65536, -1, 'Indeterminado');
INSERT INTO CLASE(UID, NOMBRE, DESCRIPCION, COLOR_RGB, ORDEN_EVALUACION, AGRUPADOR)
  VALUES(3, 'GRANO_PARTIDO', 'Grano Partido', -16750900, 2, 'Grano Partido');
INSERT INTO CLASE(UID, NOMBRE, DESCRIPCION, COLOR_RGB, ORDEN_EVALUACION, AGRUPADOR)
  VALUES(4, 'GRANO_DANIADO', 'Grano Dañado', -39373, 4, 'Grano Dañado');
INSERT INTO CLASE(UID, NOMBRE, DESCRIPCION, COLOR_RGB, ORDEN_EVALUACION, AGRUPADOR)
  VALUES(5, 'MATERIA_EXTRANIA', 'Materia Extraña', -39373, 1, 'Materia Extraña');

  --INSERT INTO CLASE(UID, NOMBRE, DESCRIPCION, COLOR_RGB, ORDEN_EVALUACION, AGRUPADOR)
--  VALUES(5, 'GRANO_PICADO', 'Grano Picado', -256, 3, 'Grano Picado');
--RASGOS
  INSERT INTO RASGO(UID, NOMBRE, DESCRIPCION, NOMBRE_EVALUADOR_RASGO)
  VALUES(1, 'AREA', 'Area del objeto', 'procesamiento.clasificacion.Area');
INSERT INTO RASGO(UID, NOMBRE, DESCRIPCION, NOMBRE_EVALUADOR_RASGO)
  VALUES(2, 'ASPECT RADIO', 'Aspect Radio', 'procesamiento.clasificacion.AspectRatio');
INSERT INTO RASGO(UID, NOMBRE, DESCRIPCION, NOMBRE_EVALUADOR_RASGO)
  VALUES(3, 'CIRCULARIDAD', 'Circularidad', 'procesamiento.clasificacion.Circularidad');
INSERT INTO RASGO(UID, NOMBRE, DESCRIPCION, NOMBRE_EVALUADOR_RASGO)
  VALUES(4, 'CURVATURA', 'Curvatura', 'procesamiento.clasificacion.Curvatura');
INSERT INTO RASGO(UID, NOMBRE, DESCRIPCION, NOMBRE_EVALUADOR_RASGO)
  VALUES(5, 'DIAMETRO', 'Diametro', 'procesamiento.clasificacion.Diametro');
INSERT INTO RASGO(UID, NOMBRE, DESCRIPCION, NOMBRE_EVALUADOR_RASGO)
  VALUES(6, 'SUMA_ANGULOS', 'Sumatoria Angulos', 'procesamiento.clasificacion.SumaAngulos');
INSERT INTO RASGO(UID, NOMBRE, DESCRIPCION, NOMBRE_EVALUADOR_RASGO)
  VALUES(7, 'HISTOGRAMA_RGB', 'Histograma RGB', 'procesamiento.clasificacion.EvaluadorHistogramaRGB');
INSERT INTO RASGO(UID, NOMBRE, DESCRIPCION, NOMBRE_EVALUADOR_RASGO)
  VALUES(8, 'PUNTOS_DIVISION', 'Puntos de división', 'procesamiento.clasificacion.CantidadPuntosDivision');
--RASGO_CLASE
--MAIZ
  INSERT INTO RASGO_CLASE(UID, ID_CLASE, ID_RASGO, MEDIA_DEFAULT, DEV_EST_DEFAULT, SUM_VALOR, SUM_VALOR_CUADRADO, CANT_VALORES, MAXIMO, MINIMO, PESO, CALCULAR_VALOR_MEDIO, DETERMINANTE, INDICE)
  VALUES(1, 1, 1, NULL, NULL, NULL, NULL, NULL, NULL, NULL, '1.0', 'false', 'false', 1);
INSERT INTO RASGO_CLASE(UID, ID_CLASE, ID_RASGO, MEDIA_DEFAULT, DEV_EST_DEFAULT, SUM_VALOR, SUM_VALOR_CUADRADO, CANT_VALORES, MAXIMO, MINIMO, PESO, CALCULAR_VALOR_MEDIO, DETERMINANTE, INDICE)
  VALUES(2, 1, 2, NULL, NULL, NULL, NULL, NULL, NULL, NULL, '2.0', 'false', 'false', 2);
INSERT INTO RASGO_CLASE(UID, ID_CLASE, ID_RASGO, MEDIA_DEFAULT, DEV_EST_DEFAULT, SUM_VALOR, SUM_VALOR_CUADRADO, CANT_VALORES, MAXIMO, MINIMO, PESO, CALCULAR_VALOR_MEDIO, DETERMINANTE, INDICE)
  VALUES(3, 1, 3, NULL, NULL, NULL, NULL, NULL, NULL, NULL, '3.0', 'false', 'false', 3);
INSERT INTO RASGO_CLASE(UID, ID_CLASE, ID_RASGO, MEDIA_DEFAULT, DEV_EST_DEFAULT, SUM_VALOR, SUM_VALOR_CUADRADO, CANT_VALORES, MAXIMO, MINIMO, PESO, CALCULAR_VALOR_MEDIO, DETERMINANTE, INDICE)
  VALUES(4, 1, 4, NULL, NULL, NULL, NULL, NULL, NULL, NULL, '4.0', 'false', 'false', 4);
INSERT INTO RASGO_CLASE(UID, ID_CLASE, ID_RASGO, MEDIA_DEFAULT, DEV_EST_DEFAULT, SUM_VALOR, SUM_VALOR_CUADRADO, CANT_VALORES, MAXIMO, MINIMO, PESO, CALCULAR_VALOR_MEDIO, DETERMINANTE, INDICE)
  VALUES(5, 1, 5, NULL, NULL, NULL, NULL, NULL, NULL, NULL, '5.0', 'false', 'true', 5);
INSERT INTO RASGO_CLASE(UID, ID_CLASE, ID_RASGO, MEDIA_DEFAULT, DEV_EST_DEFAULT, SUM_VALOR, SUM_VALOR_CUADRADO, CANT_VALORES, MAXIMO, MINIMO, PESO, CALCULAR_VALOR_MEDIO, DETERMINANTE, INDICE)
  VALUES(6, 1, 6, NULL, NULL, NULL, NULL, NULL, NULL, NULL, '6.0', 'false', 'false', 6);
  --GRANO PARTIDO
  INSERT INTO RASGO_CLASE(UID, ID_CLASE, ID_RASGO, MEDIA_DEFAULT, DEV_EST_DEFAULT, SUM_VALOR, SUM_VALOR_CUADRADO, CANT_VALORES, MAXIMO, MINIMO, PESO, CALCULAR_VALOR_MEDIO, DETERMINANTE, INDICE)
  VALUES(7, 3, 1, NULL, NULL, NULL, NULL, NULL, NULL, NULL, '1.0', 'false', 'false', 1);
INSERT INTO RASGO_CLASE(UID, ID_CLASE, ID_RASGO, MEDIA_DEFAULT, DEV_EST_DEFAULT, SUM_VALOR, SUM_VALOR_CUADRADO, CANT_VALORES, MAXIMO, MINIMO, PESO, CALCULAR_VALOR_MEDIO, DETERMINANTE, INDICE)
  VALUES(8, 3, 2, NULL, NULL, NULL, NULL, NULL, NULL, NULL, '2.0', 'false', 'false', 2);
INSERT INTO RASGO_CLASE(UID, ID_CLASE, ID_RASGO, MEDIA_DEFAULT, DEV_EST_DEFAULT, SUM_VALOR, SUM_VALOR_CUADRADO, CANT_VALORES, MAXIMO, MINIMO, PESO, CALCULAR_VALOR_MEDIO, DETERMINANTE, INDICE)
  VALUES(9, 3, 3, NULL, NULL, NULL, NULL, NULL, NULL, NULL, '3.0', 'false', 'false', 3);
INSERT INTO RASGO_CLASE(UID, ID_CLASE, ID_RASGO, MEDIA_DEFAULT, DEV_EST_DEFAULT, SUM_VALOR, SUM_VALOR_CUADRADO, CANT_VALORES, MAXIMO, MINIMO, PESO, CALCULAR_VALOR_MEDIO, DETERMINANTE, INDICE)
  VALUES(10, 3, 4, NULL, NULL, NULL, NULL, NULL, NULL, NULL, '4.0', 'false', 'false', 4);
INSERT INTO RASGO_CLASE(UID, ID_CLASE, ID_RASGO, MEDIA_DEFAULT, DEV_EST_DEFAULT, SUM_VALOR, SUM_VALOR_CUADRADO, CANT_VALORES, MAXIMO, MINIMO, PESO, CALCULAR_VALOR_MEDIO, DETERMINANTE, INDICE)
  VALUES(11, 3, 5, '2.38', '2.38', NULL, NULL, NULL, NULL, NULL, '5.0', 'false', 'true', 5);
INSERT INTO RASGO_CLASE(UID, ID_CLASE, ID_RASGO, MEDIA_DEFAULT, DEV_EST_DEFAULT, SUM_VALOR, SUM_VALOR_CUADRADO, CANT_VALORES, MAXIMO, MINIMO, PESO, CALCULAR_VALOR_MEDIO, DETERMINANTE, INDICE)
  VALUES(12, 3, 6, NULL, NULL, NULL, NULL, NULL, NULL, NULL, '6.0', 'false', 'false', 6);  
--GRANO DAÑADO
  INSERT INTO RASGO_CLASE(UID, ID_CLASE, ID_RASGO, MEDIA_DEFAULT, DEV_EST_DEFAULT, SUM_VALOR, SUM_VALOR_CUADRADO, CANT_VALORES, MAXIMO, MINIMO, PESO, CALCULAR_VALOR_MEDIO, DETERMINANTE, INDICE)
  VALUES(13, 4, 1, NULL, NULL, NULL, NULL, NULL, NULL, NULL, '1.0', 'false', 'false', 1);
INSERT INTO RASGO_CLASE(UID, ID_CLASE, ID_RASGO, MEDIA_DEFAULT, DEV_EST_DEFAULT, SUM_VALOR, SUM_VALOR_CUADRADO, CANT_VALORES, MAXIMO, MINIMO, PESO, CALCULAR_VALOR_MEDIO, DETERMINANTE, INDICE)
  VALUES(14, 4, 2, NULL, NULL, NULL, NULL, NULL, NULL, NULL, '2.0', 'false', 'false', 2);
INSERT INTO RASGO_CLASE(UID, ID_CLASE, ID_RASGO, MEDIA_DEFAULT, DEV_EST_DEFAULT, SUM_VALOR, SUM_VALOR_CUADRADO, CANT_VALORES, MAXIMO, MINIMO, PESO, CALCULAR_VALOR_MEDIO, DETERMINANTE, INDICE)
  VALUES(15, 4, 3, NULL, NULL, NULL, NULL, NULL, NULL, NULL, '3.0', 'false', 'false', 3);
INSERT INTO RASGO_CLASE(UID, ID_CLASE, ID_RASGO, MEDIA_DEFAULT, DEV_EST_DEFAULT, SUM_VALOR, SUM_VALOR_CUADRADO, CANT_VALORES, MAXIMO, MINIMO, PESO, CALCULAR_VALOR_MEDIO, DETERMINANTE, INDICE)
  VALUES(16, 4, 4, NULL, NULL, NULL, NULL, NULL, NULL, NULL, '4.0', 'false', 'false', 4);
INSERT INTO RASGO_CLASE(UID, ID_CLASE, ID_RASGO, MEDIA_DEFAULT, DEV_EST_DEFAULT, SUM_VALOR, SUM_VALOR_CUADRADO, CANT_VALORES, MAXIMO, MINIMO, PESO, CALCULAR_VALOR_MEDIO, DETERMINANTE, INDICE)
  VALUES(17, 4, 5, NULL, NULL, NULL, NULL, NULL, NULL, NULL, '5.0', 'false', 'false', 5);
INSERT INTO RASGO_CLASE(UID, ID_CLASE, ID_RASGO, MEDIA_DEFAULT, DEV_EST_DEFAULT, SUM_VALOR, SUM_VALOR_CUADRADO, CANT_VALORES, MAXIMO, MINIMO, PESO, CALCULAR_VALOR_MEDIO, DETERMINANTE, INDICE)
  VALUES(18, 4, 6, NULL, NULL, NULL, NULL, NULL, NULL, NULL, '6.0', 'false', 'false', 6);  
--MATERIA EXTRAÑA
  INSERT INTO RASGO_CLASE(UID, ID_CLASE, ID_RASGO, MEDIA_DEFAULT, DEV_EST_DEFAULT, SUM_VALOR, SUM_VALOR_CUADRADO, CANT_VALORES, MAXIMO, MINIMO, PESO, CALCULAR_VALOR_MEDIO, DETERMINANTE, INDICE)
  VALUES(19, 5, 1, NULL, NULL, NULL, NULL, NULL, NULL, NULL, '1.0', 'false', 'false', 1);
INSERT INTO RASGO_CLASE(UID, ID_CLASE, ID_RASGO, MEDIA_DEFAULT, DEV_EST_DEFAULT, SUM_VALOR, SUM_VALOR_CUADRADO, CANT_VALORES, MAXIMO, MINIMO, PESO, CALCULAR_VALOR_MEDIO, DETERMINANTE, INDICE)
  VALUES(20, 5, 2, NULL, NULL, NULL, NULL, NULL, NULL, NULL, '2.0', 'false', 'false', 2);
INSERT INTO RASGO_CLASE(UID, ID_CLASE, ID_RASGO, MEDIA_DEFAULT, DEV_EST_DEFAULT, SUM_VALOR, SUM_VALOR_CUADRADO, CANT_VALORES, MAXIMO, MINIMO, PESO, CALCULAR_VALOR_MEDIO, DETERMINANTE, INDICE)
  VALUES(21, 5, 3, NULL, NULL, NULL, NULL, NULL, NULL, NULL, '3.0', 'false', 'false', 3);
INSERT INTO RASGO_CLASE(UID, ID_CLASE, ID_RASGO, MEDIA_DEFAULT, DEV_EST_DEFAULT, SUM_VALOR, SUM_VALOR_CUADRADO, CANT_VALORES, MAXIMO, MINIMO, PESO, CALCULAR_VALOR_MEDIO, DETERMINANTE, INDICE)
  VALUES(22, 5, 4, NULL, NULL, NULL, NULL, NULL, NULL, NULL, '4.0', 'false', 'false', 4);
INSERT INTO RASGO_CLASE(UID, ID_CLASE, ID_RASGO, MEDIA_DEFAULT, DEV_EST_DEFAULT, SUM_VALOR, SUM_VALOR_CUADRADO, CANT_VALORES, MAXIMO, MINIMO, PESO, CALCULAR_VALOR_MEDIO, DETERMINANTE, INDICE)
  VALUES(23, 5, 5, NULL, NULL, NULL, NULL, NULL, NULL, NULL, '5.0', 'false', 'false', 5);
INSERT INTO RASGO_CLASE(UID, ID_CLASE, ID_RASGO, MEDIA_DEFAULT, DEV_EST_DEFAULT, SUM_VALOR, SUM_VALOR_CUADRADO, CANT_VALORES, MAXIMO, MINIMO, PESO, CALCULAR_VALOR_MEDIO, DETERMINANTE, INDICE)
  VALUES(24, 5, 6, NULL, NULL, NULL, NULL, NULL, NULL, NULL, '6.0', 'false', 'false', 6); 
--
--INSERT INTO RASGO_CLASE(UID, ID_CLASE, ID_RASGO, MEDIA_DEFAULT, DEV_EST_DEFAULT, SUM_VALOR, SUM_VALOR_CUADRADO, CANT_VALORES, MAXIMO, MINIMO, PESO, CALCULAR_VALOR_MEDIO, DETERMINANTE, INDICE)
--  VALUES(26, 1, 8, NULL, NULL, NULL, NULL, NULL, NULL, NULL, '8.0', 'false', 'false', 8);
--INSERT INTO RASGO_CLASE(UID, ID_CLASE, ID_RASGO, MEDIA_DEFAULT, DEV_EST_DEFAULT, SUM_VALOR, SUM_VALOR_CUADRADO, CANT_VALORES, MAXIMO, MINIMO, PESO, CALCULAR_VALOR_MEDIO, DETERMINANTE, INDICE)
--  VALUES(27, 3, 8, NULL, NULL, NULL, NULL, NULL, NULL, NULL, '8.0', 'false', 'false', 8);
--INSERT INTO RASGO_CLASE(UID, ID_CLASE, ID_RASGO, MEDIA_DEFAULT, DEV_EST_DEFAULT, SUM_VALOR, SUM_VALOR_CUADRADO, CANT_VALORES, MAXIMO, MINIMO, PESO, CALCULAR_VALOR_MEDIO, DETERMINANTE, INDICE)
--  VALUES(28, 4, 8, NULL, NULL, NULL, NULL, NULL, NULL, NULL, '8.0', 'false', 'false', 8);
--INSERT INTO RASGO_CLASE(UID, ID_CLASE, ID_RASGO, MEDIA_DEFAULT, DEV_EST_DEFAULT, SUM_VALOR, SUM_VALOR_CUADRADO, CANT_VALORES, MAXIMO, MINIMO, PESO, CALCULAR_VALOR_MEDIO, DETERMINANTE, INDICE)
--  VALUES(29, 5, 8, NULL, NULL, NULL, NULL, NULL, NULL, NULL, '8.0', 'false', 'false', 8);
  commit;
  
