
delete from clase_objeto;
delete from rasgo_objeto;
delete from objeto;

delete from histograma_clase;
delete from histograma;
delete from rasgo_clase;
delete from rasgo;
delete from clase;
delete from configuracion;

--CONFIGURACION
INSERT INTO CONFIGURACION(NOMBRE_SISTEMA, FONDO_H_MIN, FONDO_H_MAX, FONDO_S_MIN, FONDO_S_MAX, FONDO_V_MIN, FONDO_V_MAX)
  VALUES('MAICES', 80.0, 340.0, 6.0, NULL, 40.0, NULL);
--CLASES
INSERT INTO CLASE(UID, NOMBRE, DESCRIPCION, COLOR_RGB, ORDEN_EVALUACION, AGRUPADOR, INDETERMINADO, OBJETO_REFERENCIA)
  VALUES(1, 'MAIZ', 'Maiz', -13369549, 5, 'Maiz', false, false);
INSERT INTO CLASE(UID, NOMBRE, DESCRIPCION, COLOR_RGB, ORDEN_EVALUACION, AGRUPADOR, INDETERMINADO, OBJETO_REFERENCIA)
  VALUES(2, 'INDETERMINADO', 'Indeterminado', -65536, -1, 'Materia Extraña', true, false);
INSERT INTO CLASE(UID, NOMBRE, DESCRIPCION, COLOR_RGB, ORDEN_EVALUACION, AGRUPADOR, INDETERMINADO, OBJETO_REFERENCIA)
  VALUES(3, 'GRANO_PARTIDO', 'Grano Partido', -16750900, 3, 'Grano Partido', false, false);
INSERT INTO CLASE(UID, NOMBRE, DESCRIPCION, COLOR_RGB, ORDEN_EVALUACION, AGRUPADOR, INDETERMINADO, OBJETO_REFERENCIA)
  VALUES(4, 'GRANO_DANIADO', 'Grano Dañado', -26368, 4, 'Grano Dañado', false, false);
INSERT INTO CLASE(UID, NOMBRE, DESCRIPCION, COLOR_RGB, ORDEN_EVALUACION, AGRUPADOR, INDETERMINADO, OBJETO_REFERENCIA)
  VALUES(5, 'MATERIA_EXTRANIA', 'Materia Extraña', -256, 2, 'Materia Extraña', false, false);
INSERT INTO CLASE(UID, NOMBRE, DESCRIPCION, COLOR_RGB, ORDEN_EVALUACION, AGRUPADOR, INDETERMINADO, OBJETO_REFERENCIA)
  VALUES(6, 'OBJETO_REFERENCIA', 'Objeto de referencia', -39373, -1, 'Objeto de Referencia', false, true);
INSERT INTO CLASE(UID, NOMBRE, DESCRIPCION, COLOR_RGB, ORDEN_EVALUACION, AGRUPADOR, INDETERMINADO, OBJETO_REFERENCIA)
  VALUES(7, 'CHAMICO', 'Chamico', -16751002, 1, 'Semilla de Chamico', false, false);

  --INSERT INTO CLASE(UID, NOMBRE, DESCRIPCION, COLOR_RGB, ORDEN_EVALUACION, AGRUPADOR)
--  VALUES(5, 'GRANO_PICADO', 'Grano Picado', -256, 3, 'Grano Picado');
--RASGOS
  INSERT INTO RASGO(UID, NOMBRE, DESCRIPCION, NOMBRE_EVALUADOR_RASGO, VISIBLE)
  VALUES(1, 'AREA', 'Area del objeto', 'procesamiento.clasificacion.Area','true');
INSERT INTO RASGO(UID, NOMBRE, DESCRIPCION, NOMBRE_EVALUADOR_RASGO, VISIBLE)
  VALUES(2, 'ASPECT RADIO', 'Aspect Radio', 'procesamiento.clasificacion.AspectRatio','true');
INSERT INTO RASGO(UID, NOMBRE, DESCRIPCION, NOMBRE_EVALUADOR_RASGO, VISIBLE)
  VALUES(3, 'CIRCULARIDAD', 'Circularidad', 'procesamiento.clasificacion.Circularidad','true');
INSERT INTO RASGO(UID, NOMBRE, DESCRIPCION, NOMBRE_EVALUADOR_RASGO, VISIBLE)
  VALUES(4, 'CURVATURA', 'Curvatura', 'procesamiento.clasificacion.Curvatura','false');
INSERT INTO RASGO(UID, NOMBRE, DESCRIPCION, NOMBRE_EVALUADOR_RASGO, VISIBLE)
  VALUES(5, 'DIAMETRO', 'Diametro', 'procesamiento.clasificacion.Diametro','true');
INSERT INTO RASGO(UID, NOMBRE, DESCRIPCION, NOMBRE_EVALUADOR_RASGO, VISIBLE)
  VALUES(6, 'SUMA_ANGULOS', 'Sumatoria Angulos', 'procesamiento.clasificacion.SumaAngulos','false');
INSERT INTO RASGO(UID, NOMBRE, DESCRIPCION, NOMBRE_EVALUADOR_RASGO, VISIBLE)
  VALUES(7, 'HISTOGRAMA_RGB', 'Histogramas', 'procesamiento.clasificacion.EvaluadorHistogramaRGB','false');
INSERT INTO RASGO(UID, NOMBRE, DESCRIPCION, NOMBRE_EVALUADOR_RASGO, VISIBLE)
  VALUES(8, 'HISTOGRAMA_GRIS', 'Histogramas', 'procesamiento.clasificacion.EvaluadorHistogramaGris','false');
INSERT INTO RASGO(UID, NOMBRE, DESCRIPCION, NOMBRE_EVALUADOR_RASGO, VISIBLE)
  VALUES(9, 'HISTOGRAMA_H', 'Histogramas', 'procesamiento.clasificacion.EvaluadorHistogramaH','true');
INSERT INTO RASGO(UID, NOMBRE, DESCRIPCION, NOMBRE_EVALUADOR_RASGO, VISIBLE)
  VALUES(10, 'HISTOGRAMA_S', 'Histogramas', 'procesamiento.clasificacion.EvaluadorHistogramaS','false');
INSERT INTO RASGO(UID, NOMBRE, DESCRIPCION, NOMBRE_EVALUADOR_RASGO, VISIBLE)
  VALUES(11, 'HISTOGRAMA_V', 'Histogramas', 'procesamiento.clasificacion.EvaluadorHistogramaV','false');
INSERT INTO RASGO(UID, NOMBRE, DESCRIPCION, NOMBRE_EVALUADOR_RASGO, VISIBLE)
  VALUES(12, 'HISTOGRAMA_HSV', 'Histogramas', 'procesamiento.clasificacion.EvaluadorHistogramaHSV','true');

INSERT INTO RASGO(UID, NOMBRE, DESCRIPCION, NOMBRE_EVALUADOR_RASGO, VISIBLE)
VALUES(13, 'PUNTOS_DIVISION', 'Puntos de división', 'procesamiento.clasificacion.CantidadPuntosDivision','false');

--RASGO_CLASE
--MAIZ
  INSERT INTO RASGO_CLASE(ID_CLASE, ID_RASGO, MINIMO, MAXIMO, SUM_VALOR, SUM_VALOR_CUADRADO, CANT_VALORES, PESO, CALCULAR_VALOR_MEDIO, DETERMINANTE,RANGO_VARIABLE, INDICE)
  VALUES(1, 1, NULL, NULL, NULL, NULL, NULL, '1.0', 'false', 'false', 'true', 1);
  INSERT INTO RASGO_CLASE(ID_CLASE, ID_RASGO, MINIMO, MAXIMO, SUM_VALOR, SUM_VALOR_CUADRADO, CANT_VALORES, PESO, CALCULAR_VALOR_MEDIO, DETERMINANTE,RANGO_VARIABLE, INDICE)
  VALUES(1, 2, 0.5, 1.0, NULL, NULL, NULL, '1.0', 'false', 'true', 'true', 2);
  INSERT INTO RASGO_CLASE(ID_CLASE, ID_RASGO, MINIMO, MAXIMO, SUM_VALOR, SUM_VALOR_CUADRADO, CANT_VALORES, PESO, CALCULAR_VALOR_MEDIO, DETERMINANTE,RANGO_VARIABLE, INDICE)
  VALUES(1, 3, 0.7, 1.0, NULL, NULL, NULL, '1.0', 'false', 'true', 'true', 3);
  INSERT INTO RASGO_CLASE(ID_CLASE, ID_RASGO, MINIMO, MAXIMO, SUM_VALOR, SUM_VALOR_CUADRADO, CANT_VALORES, PESO, CALCULAR_VALOR_MEDIO, DETERMINANTE,RANGO_VARIABLE, INDICE)
  VALUES(1, 4, NULL, NULL, NULL, NULL, NULL, '1.0', 'false', 'false', 'true', 4);
  INSERT INTO RASGO_CLASE(ID_CLASE, ID_RASGO, MINIMO, MAXIMO, SUM_VALOR, SUM_VALOR_CUADRADO, CANT_VALORES, PESO, CALCULAR_VALOR_MEDIO, DETERMINANTE,RANGO_VARIABLE, INDICE)
  VALUES(1, 5, '4.76', NULL, NULL, NULL, NULL, '1.0', 'false', 'true', 'false', 5);
  INSERT INTO RASGO_CLASE(ID_CLASE, ID_RASGO, MINIMO, MAXIMO, SUM_VALOR, SUM_VALOR_CUADRADO, CANT_VALORES, PESO, CALCULAR_VALOR_MEDIO, DETERMINANTE,RANGO_VARIABLE, INDICE)
  VALUES(1, 6, NULL, NULL, NULL, NULL, NULL, '1.0', 'false', 'false', 'true', 6);
  --INSERT INTO RASGO_CLASE(ID_CLASE, ID_RASGO, MINIMO, MAXIMO, SUM_VALOR, SUM_VALOR_CUADRADO, CANT_VALORES, PESO, CALCULAR_VALOR_MEDIO, DETERMINANTE,RANGO_VARIABLE, INDICE)
  --VALUES(1, 7, NULL, NULL, NULL, NULL, NULL, '7.0', 'false', 'false', 'false', 7);
  --INSERT INTO RASGO_CLASE(ID_CLASE, ID_RASGO, MINIMO, MAXIMO, SUM_VALOR, SUM_VALOR_CUADRADO, CANT_VALORES, PESO, CALCULAR_VALOR_MEDIO, DETERMINANTE,RANGO_VARIABLE, INDICE)
  --VALUES(1, 8, NULL, NULL, NULL, NULL, NULL, '8.0', 'false', 'false', 'false', 8);
  INSERT INTO RASGO_CLASE(ID_CLASE, ID_RASGO, MINIMO, MAXIMO, SUM_VALOR, SUM_VALOR_CUADRADO, CANT_VALORES, PESO, CALCULAR_VALOR_MEDIO, DETERMINANTE,RANGO_VARIABLE, INDICE)
  VALUES(1, 12, 0.75, 1.0, NULL, NULL, NULL, '1.0', 'false', 'true', 'false', 7);
  
  --GRANO PARTIDO
  INSERT INTO RASGO_CLASE(ID_CLASE, ID_RASGO, MINIMO, MAXIMO, SUM_VALOR, SUM_VALOR_CUADRADO, CANT_VALORES, PESO, CALCULAR_VALOR_MEDIO, DETERMINANTE,RANGO_VARIABLE, INDICE)
  VALUES(3, 1, NULL, NULL, NULL, NULL, NULL, '1.0', 'false', 'false', 'true', 1);
  INSERT INTO RASGO_CLASE(ID_CLASE, ID_RASGO, MINIMO, MAXIMO, SUM_VALOR, SUM_VALOR_CUADRADO, CANT_VALORES, PESO, CALCULAR_VALOR_MEDIO, DETERMINANTE,RANGO_VARIABLE, INDICE)
  VALUES(3, 2, NULL, 1.0, NULL, NULL, NULL, '1.0', 'false', 'false', 'true', 2);
  INSERT INTO RASGO_CLASE(ID_CLASE, ID_RASGO, MINIMO, MAXIMO, SUM_VALOR, SUM_VALOR_CUADRADO, CANT_VALORES, PESO, CALCULAR_VALOR_MEDIO, DETERMINANTE,RANGO_VARIABLE, INDICE)
  VALUES(3, 3, NULL, 1.0, NULL, NULL, NULL, '1.0', 'false', 'false', 'true', 3);
  INSERT INTO RASGO_CLASE(ID_CLASE, ID_RASGO, MINIMO, MAXIMO, SUM_VALOR, SUM_VALOR_CUADRADO, CANT_VALORES, PESO, CALCULAR_VALOR_MEDIO, DETERMINANTE,RANGO_VARIABLE, INDICE)
  VALUES(3, 4,NULL, NULL, NULL, NULL, NULL, '1.0', 'false', 'false', 'true', 4);
  INSERT INTO RASGO_CLASE(ID_CLASE, ID_RASGO, MINIMO, MAXIMO, SUM_VALOR, SUM_VALOR_CUADRADO, CANT_VALORES, PESO, CALCULAR_VALOR_MEDIO, DETERMINANTE,RANGO_VARIABLE, INDICE)
  VALUES(3, 5, '0.0', '4.76', NULL, NULL, NULL, '1.0', 'false', 'true', 'false', 5);
  INSERT INTO RASGO_CLASE(ID_CLASE, ID_RASGO, MINIMO, MAXIMO, SUM_VALOR, SUM_VALOR_CUADRADO, CANT_VALORES, PESO, CALCULAR_VALOR_MEDIO, DETERMINANTE,RANGO_VARIABLE, INDICE)
  VALUES(3, 6, NULL, NULL, NULL, NULL, NULL, '1.0', 'false', 'false', 'true', 6);
  --INSERT INTO RASGO_CLASE(ID_CLASE, ID_RASGO, MINIMO, MAXIMO, SUM_VALOR, SUM_VALOR_CUADRADO, CANT_VALORES, PESO, CALCULAR_VALOR_MEDIO, DETERMINANTE,RANGO_VARIABLE, INDICE)
  --VALUES(3, 7, NULL, NULL, NULL, NULL, NULL, '7.0', 'false', 'false', 'false', 7);
  --INSERT INTO RASGO_CLASE(ID_CLASE, ID_RASGO, MINIMO, MAXIMO, SUM_VALOR, SUM_VALOR_CUADRADO, CANT_VALORES, PESO, CALCULAR_VALOR_MEDIO, DETERMINANTE,RANGO_VARIABLE, INDICE)
  --VALUES(3, 8, NULL, NULL, NULL, NULL, NULL, '8.0', 'false', 'false', 'false', 8);
  INSERT INTO RASGO_CLASE(ID_CLASE, ID_RASGO, MINIMO, MAXIMO, SUM_VALOR, SUM_VALOR_CUADRADO, CANT_VALORES, PESO, CALCULAR_VALOR_MEDIO, DETERMINANTE,RANGO_VARIABLE, INDICE)
  VALUES(3, 12, 0.5, 1.0, NULL, NULL, NULL, '1.0', 'false', 'true', 'false', 7);

  --GRANO DAÑADO
  INSERT INTO RASGO_CLASE(ID_CLASE, ID_RASGO, MINIMO, MAXIMO, SUM_VALOR, SUM_VALOR_CUADRADO, CANT_VALORES, PESO, CALCULAR_VALOR_MEDIO, DETERMINANTE,RANGO_VARIABLE, INDICE)
  VALUES(4, 1, NULL, NULL, NULL, NULL, NULL, '1.0', 'false', 'false', 'true', 1);
  INSERT INTO RASGO_CLASE(ID_CLASE, ID_RASGO, MINIMO, MAXIMO, SUM_VALOR, SUM_VALOR_CUADRADO, CANT_VALORES, PESO, CALCULAR_VALOR_MEDIO, DETERMINANTE,RANGO_VARIABLE, INDICE)
  VALUES(4, 2, 0.5, 1.0, NULL, NULL, NULL, '1.0', 'false', 'true', 'true', 2);
  INSERT INTO RASGO_CLASE(ID_CLASE, ID_RASGO, MINIMO, MAXIMO, SUM_VALOR, SUM_VALOR_CUADRADO, CANT_VALORES, PESO, CALCULAR_VALOR_MEDIO, DETERMINANTE,RANGO_VARIABLE, INDICE)
  VALUES(4, 3, 0.7, 1.0, NULL, NULL, NULL, '1.0', 'false', 'true', 'true', 3);
  INSERT INTO RASGO_CLASE(ID_CLASE, ID_RASGO, MINIMO, MAXIMO, SUM_VALOR, SUM_VALOR_CUADRADO, CANT_VALORES, PESO, CALCULAR_VALOR_MEDIO, DETERMINANTE,RANGO_VARIABLE, INDICE)
  VALUES(4, 4, NULL, NULL, NULL, NULL, NULL, '1.0', 'false', 'false', 'true', 4);
  INSERT INTO RASGO_CLASE(ID_CLASE, ID_RASGO, MINIMO, MAXIMO, SUM_VALOR, SUM_VALOR_CUADRADO, CANT_VALORES, PESO, CALCULAR_VALOR_MEDIO, DETERMINANTE,RANGO_VARIABLE, INDICE)
  VALUES(4, 5, 4.76, NULL, NULL, NULL, NULL, '1.0', 'false', 'true', 'true', 5);
  INSERT INTO RASGO_CLASE(ID_CLASE, ID_RASGO, MINIMO, MAXIMO, SUM_VALOR, SUM_VALOR_CUADRADO, CANT_VALORES, PESO, CALCULAR_VALOR_MEDIO, DETERMINANTE,RANGO_VARIABLE, INDICE)
  VALUES(4, 6, NULL, NULL, NULL, NULL, NULL, '1.0', 'false', 'false', 'true', 6);
  --INSERT INTO RASGO_CLASE(ID_CLASE, ID_RASGO, MINIMO, MAXIMO, SUM_VALOR, SUM_VALOR_CUADRADO, CANT_VALORES, PESO, CALCULAR_VALOR_MEDIO, DETERMINANTE,RANGO_VARIABLE, INDICE)
  --VALUES(4, 7, NULL, NULL, NULL, NULL, NULL, '7.0', 'false', 'false', 'false', 7);
  --INSERT INTO RASGO_CLASE(ID_CLASE, ID_RASGO, MINIMO, MAXIMO, SUM_VALOR, SUM_VALOR_CUADRADO, CANT_VALORES, PESO, CALCULAR_VALOR_MEDIO, DETERMINANTE,RANGO_VARIABLE, INDICE)
  --VALUES(4, 8, NULL, NULL, NULL, NULL, NULL, '8.0', 'false', 'false', 'false', 8);
  INSERT INTO RASGO_CLASE(ID_CLASE, ID_RASGO, MINIMO, MAXIMO, SUM_VALOR, SUM_VALOR_CUADRADO, CANT_VALORES, PESO, CALCULAR_VALOR_MEDIO, DETERMINANTE,RANGO_VARIABLE, INDICE)
  VALUES(4, 12, 0.9, 1.0, NULL, NULL, NULL, '1.0', 'false', 'true', 'false', 7);



  --MATERIA EXTRAÑA
  INSERT INTO RASGO_CLASE(ID_CLASE, ID_RASGO, MINIMO, MAXIMO, SUM_VALOR, SUM_VALOR_CUADRADO, CANT_VALORES, PESO, CALCULAR_VALOR_MEDIO, DETERMINANTE,RANGO_VARIABLE, INDICE)
  VALUES(5, 1, NULL, NULL, NULL, NULL, NULL, '1.0', 'false', 'false', 'true', 1);
  INSERT INTO RASGO_CLASE(ID_CLASE, ID_RASGO, MINIMO, MAXIMO, SUM_VALOR, SUM_VALOR_CUADRADO, CANT_VALORES, PESO, CALCULAR_VALOR_MEDIO, DETERMINANTE,RANGO_VARIABLE, INDICE)
  VALUES(5, 2, NULL, 1.0, NULL, NULL, NULL, '1.0', 'false', 'false', 'true', 2);
  INSERT INTO RASGO_CLASE(ID_CLASE, ID_RASGO, MINIMO, MAXIMO, SUM_VALOR, SUM_VALOR_CUADRADO, CANT_VALORES, PESO, CALCULAR_VALOR_MEDIO, DETERMINANTE,RANGO_VARIABLE, INDICE)
  VALUES(5, 3, NULL, 1.0, NULL, NULL, NULL, '1.0', 'false', 'false', 'true', 3);
  INSERT INTO RASGO_CLASE(ID_CLASE, ID_RASGO, MINIMO, MAXIMO, SUM_VALOR, SUM_VALOR_CUADRADO, CANT_VALORES, PESO, CALCULAR_VALOR_MEDIO, DETERMINANTE,RANGO_VARIABLE, INDICE)
  VALUES(5, 4, NULL, NULL, NULL, NULL, NULL, '1.0', 'false', 'false', 'true', 4);
  INSERT INTO RASGO_CLASE(ID_CLASE, ID_RASGO, MINIMO, MAXIMO, SUM_VALOR, SUM_VALOR_CUADRADO, CANT_VALORES, PESO, CALCULAR_VALOR_MEDIO, DETERMINANTE,RANGO_VARIABLE, INDICE)
  VALUES(5, 5, NULL, NULL, NULL, NULL, NULL, '1.0', 'false', 'false', 'true', 5);
  INSERT INTO RASGO_CLASE(ID_CLASE, ID_RASGO, MINIMO, MAXIMO, SUM_VALOR, SUM_VALOR_CUADRADO, CANT_VALORES, PESO, CALCULAR_VALOR_MEDIO, DETERMINANTE,RANGO_VARIABLE, INDICE)
  VALUES(5, 6, NULL, NULL, NULL, NULL, NULL, '1.0', 'false', 'false', 'true', 6);


  --OBJETO DE REFERENCIA
  INSERT INTO RASGO_CLASE(ID_CLASE, ID_RASGO, MINIMO, MAXIMO, SUM_VALOR, SUM_VALOR_CUADRADO, CANT_VALORES, PESO, CALCULAR_VALOR_MEDIO, DETERMINANTE,RANGO_VARIABLE, INDICE)
  VALUES(6, 1, NULL, NULL, NULL, NULL, NULL, '1.0', 'false', 'false', 'true', 1);
  INSERT INTO RASGO_CLASE(ID_CLASE, ID_RASGO, MINIMO, MAXIMO, SUM_VALOR, SUM_VALOR_CUADRADO, CANT_VALORES, PESO, CALCULAR_VALOR_MEDIO, DETERMINANTE,RANGO_VARIABLE, INDICE)
  VALUES(6, 2, 0.9, 1.0, NULL, NULL, NULL, '1.0', 'false', 'true', 'false', 2);
  INSERT INTO RASGO_CLASE(ID_CLASE, ID_RASGO, MINIMO, MAXIMO, SUM_VALOR, SUM_VALOR_CUADRADO, CANT_VALORES, PESO, CALCULAR_VALOR_MEDIO, DETERMINANTE,RANGO_VARIABLE, INDICE)
  VALUES(6, 3, 0.85, 1.0, NULL, NULL, NULL, '1.0', 'false', 'true', 'false', 3);
  INSERT INTO RASGO_CLASE(ID_CLASE, ID_RASGO, MINIMO, MAXIMO, SUM_VALOR, SUM_VALOR_CUADRADO, CANT_VALORES, PESO, CALCULAR_VALOR_MEDIO, DETERMINANTE,RANGO_VARIABLE, INDICE)
  VALUES(6, 4, NULL, NULL, NULL, NULL, NULL, '1.0', 'false', 'false', 'true', 4);
  INSERT INTO RASGO_CLASE(ID_CLASE, ID_RASGO, MINIMO, MAXIMO, SUM_VALOR, SUM_VALOR_CUADRADO, CANT_VALORES, PESO, CALCULAR_VALOR_MEDIO, DETERMINANTE,RANGO_VARIABLE, INDICE)
  VALUES(6, 5, NULL, NULL, NULL, NULL, NULL, '1.0', 'false', 'false', 'true', 5);
  INSERT INTO RASGO_CLASE(ID_CLASE, ID_RASGO, MINIMO, MAXIMO, SUM_VALOR, SUM_VALOR_CUADRADO, CANT_VALORES, PESO, CALCULAR_VALOR_MEDIO, DETERMINANTE,RANGO_VARIABLE, INDICE)
  VALUES(6, 6, NULL, NULL, NULL, NULL, NULL, '1.0', 'false', 'false', 'true', 6);

--CHAMICO
  INSERT INTO RASGO_CLASE(ID_CLASE, ID_RASGO, MINIMO, MAXIMO, SUM_VALOR, SUM_VALOR_CUADRADO, CANT_VALORES, PESO, CALCULAR_VALOR_MEDIO, DETERMINANTE,RANGO_VARIABLE, INDICE)
  VALUES(7, 1, NULL, NULL, NULL, NULL, NULL, '1.0', 'false', 'false', 'true', 1);
  INSERT INTO RASGO_CLASE(ID_CLASE, ID_RASGO, MINIMO, MAXIMO, SUM_VALOR, SUM_VALOR_CUADRADO, CANT_VALORES, PESO, CALCULAR_VALOR_MEDIO, DETERMINANTE,RANGO_VARIABLE, INDICE)
  VALUES(7, 2, 0.8, 1.0, NULL, NULL, NULL, '1.0', 'false', 'true', 'true', 2);
  INSERT INTO RASGO_CLASE(ID_CLASE, ID_RASGO, MINIMO, MAXIMO, SUM_VALOR, SUM_VALOR_CUADRADO, CANT_VALORES, PESO, CALCULAR_VALOR_MEDIO, DETERMINANTE,RANGO_VARIABLE, INDICE)
  VALUES(7, 3, 0.8, 1.0, NULL, NULL, NULL, '1.0', 'false', 'true', 'true', 3);
  INSERT INTO RASGO_CLASE(ID_CLASE, ID_RASGO, MINIMO, MAXIMO, SUM_VALOR, SUM_VALOR_CUADRADO, CANT_VALORES, PESO, CALCULAR_VALOR_MEDIO, DETERMINANTE,RANGO_VARIABLE, INDICE)
  VALUES(7, 4, NULL, NULL, NULL, NULL, NULL, '1.0', 'false', 'false', 'true', 4);
  INSERT INTO RASGO_CLASE(ID_CLASE, ID_RASGO, MINIMO, MAXIMO, SUM_VALOR, SUM_VALOR_CUADRADO, CANT_VALORES, PESO, CALCULAR_VALOR_MEDIO, DETERMINANTE,RANGO_VARIABLE, INDICE)
  VALUES(7, 5, '0.0', '5.0', NULL, NULL, NULL, '1.0', 'false', 'true', 'true', 5);
  INSERT INTO RASGO_CLASE(ID_CLASE, ID_RASGO, MINIMO, MAXIMO, SUM_VALOR, SUM_VALOR_CUADRADO, CANT_VALORES, PESO, CALCULAR_VALOR_MEDIO, DETERMINANTE,RANGO_VARIABLE, INDICE)
  VALUES(7, 6, NULL, NULL, NULL, NULL, NULL, '1.0', 'false', 'false', 'true', 6);
  INSERT INTO RASGO_CLASE(ID_CLASE, ID_RASGO, MINIMO, MAXIMO, SUM_VALOR, SUM_VALOR_CUADRADO, CANT_VALORES, PESO, CALCULAR_VALOR_MEDIO, DETERMINANTE,RANGO_VARIABLE, INDICE)
  VALUES(7, 12, 0.7, 1.0, NULL, NULL, NULL, '1.0', 'false', 'true', 'false', 7);
  
  commit;

